"Keyword","Currency","Avg. monthly searches","Three month change","YoY change","Competition","Competition (indexed value)","Top of page bid (low range)","Top of page bid (high range)","Ad impression share","Organic impression share","Organic average position","In account?","In plan?","Searches: May 2025","Searches: Jun 2025","Searches: Jul 2025","Searches: Aug 2025","Searches: Sep 2025","Searches: Oct 2025","Searches: Nov 2025","Searches: Dec 2025","Searches: Jan 2026","Searches: Feb 2026","Searches: Mar 2026","Searches: Apr 2026"
"adb deep link","USD","500","-90%","-90%","Low","1","","","","","","","","","","","","","","","","","","",""
"adb test deep link","USD","50","0%","0%","Low","1","","","","","","","","","","","","","","","","","","",""
"adjust deep link vs branch","USD","","--","--","Unknown","","","","","","","","","","","","","","","","","","","",""
"android 12 deep link","USD","50","0%","0%","Low","0","","","","","","","","","","","","","","","","","","",""
"android 13 deeplink","USD","50","∞","∞","Low","0","","","","","","","","","","","","","","","","","","",""
"android adb open deeplink","USD","50","0%","0%","Low","0","","","","","","","","","","","","","","","","","","",""
"android app deeplink","USD","50","0%","-90%","Low","7","0.56","3.44","","","","","","","","","","","","","","","","",""
"android app link generator","USD","50","∞","0%","Low","10","","","","","","","","","","","","","","","","","","",""
"android app links vs deep links","USD","50","0%","0%","Low","0","","","","","","","","","","","","","","","","","","",""
"android chrome deeplink","USD","50","0%","0%","Low","0","","","","","","","","","","","","","","","","","","",""
"android compose deeplink","USD","50","0%","0%","Low","0","","","","","","","","","","","","","","","","","","",""
"android create deep link","USD","50","-100%","-100%","Unknown","","","","","","","","","","","","","","","","","","","",""
"android deep link","USD","5000","0%","0%","Low","2","0.85","3.82","","","","","","","","","","","","","","","","",""
"android deep link app not installed","USD","50","0%","0%","Low","0","","","","","","","","","","","","","","","","","","",""
"android deep link autoverify","USD","50","0%","0%","Low","0","","","","","","","","","","","","","","","","","","",""
"android deep link example","USD","50","0%","0%","Low","1","","","","","","","","","","","","","","","","","","",""
"android deep link format","USD","50","0%","0%","Low","0","","","","","","","","","","","","","","","","","","",""
"android deep link from browser","USD","50","0%","0%","Low","0","","","","","","","","","","","","","","","","","","",""
"android deep link not opening app","USD","50","0%","0%","Low","0","","","","","","","","","","","","","","","","","","",""
"android deep link open app","USD","50","∞","0%","Low","0","","","","","","","","","","","","","","","","","","",""
"android deep link to another app","USD","50","0%","-100%","Unknown","","","","","","","","","","","","","","","","","","","",""
"android deep link url example","USD","50","-100%","0%","Unknown","","","","","","","","","","","","","","","","","","","",""
"android deep link vs app link","USD","50","-100%","-100%","Unknown","","","","","","","","","","","","","","","","","","","",""
"android deeplinks","USD","50","0%","0%","Low","4","","","","","","","","","","","","","","","","","","",""
"android deferred deep link","USD","500","0%","-90%","Low","5","","","","","","","","","","","","","","","","","","",""
"android open deep link from browser","USD","50","0%","0%","Low","0","","","","","","","","","","","","","","","","","","",""
"android play store deeplink","USD","50","0%","0%","Low","5","","","","","","","","","","","","","","","","","","",""
"android universal links","USD","500","0%","0%","Low","1","","","","","","","","","","","","","","","","","","",""
"android webview deep link","USD","50","0%","0%","Low","0","","","","","","","","","","","","","","","","","","",""
"app deep link example","USD","50","0%","0%","Medium","57","","","","","","","","","","","","","","","","","","",""
"app deep link generator","USD","50","0%","0%","Low","19","","","","","","","","","","","","","","","","","","",""
"app deep linking","USD","5000","0%","-90%","Low","12","1.53","7.17","","","","","","","","","","","","","","","","",""
"app deep linking seo","USD","50","0%","0%","Low","0","","","","","","","","","","","","","","","","","","",""
"app deeplink generator","USD","50","∞","0%","Low","29","","","","","","","","","","","","","","","","","","",""
"app deeplinking","USD","5000","0%","-90%","Low","12","1.53","7.17","","","","","","","","","","","","","","","","",""
"app download link generator","USD","50","0%","0%","Low","3","","","","","","","","","","","","","","","","","","",""
"app link generator","USD","500","0%","0%","Low","7","0.11","0.30","","","","","","","","","","","","","","","","",""
"app link maker","USD","50","0%","0%","Low","12","","","","","","","","","","","","","","","","","","",""
"app links vs deep links android","USD","","--","--","Unknown","","","","","","","","","","","","","","","","","","","",""
"app to app deep linking","USD","50","0%","0%","Low","10","","","","","","","","","","","","","","","","","","",""
"applink vs deep link","USD","50","0%","0%","Low","0","","","","","","","","","","","","","","","","","","",""
"appsflyer deeplink android","USD","50","0%","0%","Low","3","","","","","","","","","","","","","","","","","","",""
"appsflyer deferred deep linking","USD","500","0%","0%","Low","24","2.47","18.46","","","","","","","","","","","","","","","","",""
"appsflyer deferred deep linking ios","USD","50","0%","0%","Low","12","","","","","","","","","","","","","","","","","","",""
"appsflyer udl","USD","50","0%","0%","Low","6","","","","","","","","","","","","","","","","","","",""
"appstore deeplink","USD","50","0%","0%","Low","3","","","","","","","","","","","","","","","","","","",""
"best deep link generator","USD","50","0%","0%","Medium","42","1.93","11.01","","","","","","","","","","","","","","","","",""
"best deep link tool","USD","","--","--","Unknown","","","","","","","","","","","","","","","","","","","",""
"branch deeplinking","USD","500","0%","0%","Low","29","3.61","112.83","","","","","","","","","","","","","","","","",""
"branch deeplinks","USD","50","0%","0%","Medium","36","6.93","47.33","","","","","","","","","","","","","","","","",""
"branch deferred deep linking","USD","50","0%","0%","Low","14","2.48","11.00","","","","","","","","","","","","","","","","",""
"branch io alternative","USD","50","0%","0%","Medium","42","2.60","208.14","","","","","","","","","","","","","","","","",""
"branch io deep linking","USD","500","0%","0%","Low","8","4.31","162.57","","","","","","","","","","","","","","","","",""
"branch io deep linking android example","USD","50","∞","0%","Low","29","","","","","","","","","","","","","","","","","","",""
"branch io deep linking ios example","USD","50","0%","-100%","Unknown","","","","","","","","","","","","","","","","","","","",""
"branch io deferred deep linking","USD","50","0%","-90%","Low","8","1.45","10.39","","","","","","","","","","","","","","","","",""
"braze deeplink","USD","50","0%","0%","Low","17","12.38","27.83","","","","","","","","","","","","","","","","",""
"chrome deep link android","USD","50","-100%","0%","Unknown","","","","","","","","","","","","","","","","","","","",""
"cj deep link generator","USD","50","-90%","0%","Low","6","1.51","6.00","","","","","","","","","","","","","","","","",""
"coinbase wallet deeplink","USD","50","0%","0%","Low","0","","","","","","","","","","","","","","","","","","",""
"create deep link","USD","500","0%","0%","Low","23","1.52","7.33","","","","","","","","","","","","","","","","",""
"create deep link android","USD","50","∞","0%","Low","0","","","","","","","","","","","","","","","","","","",""
"create deep link for app","USD","50","0%","0%","Medium","36","","","","","","","","","","","","","","","","","","",""
"create deep link url","USD","50","0%","0%","Low","5","","","","","","","","","","","","","","","","","","",""
"create deep link url android","USD","50","0%","-100%","Unknown","","","","","","","","","","","","","","","","","","","",""
"create deep link url free","USD","50","0%","0%","Low","19","0.88","3.55","","","","","","","","","","","","","","","","",""
"create deep link url php","USD","50","0%","0%","Unknown","","","","","","","","","","","","","","","","","","","",""
"create deep links to app content","USD","50","0%","0%","Low","14","","","","","","","","","","","","","","","","","","",""
"create universal link ios","USD","50","-100%","-100%","Unknown","","","","","","","","","","","","","","","","","","","",""
"custom url scheme vs universal links","USD","50","0%","0%","Low","0","","","","","","","","","","","","","","","","","","",""
"deep link android example github","USD","50","0%","0%","Low","0","","","","","","","","","","","","","","","","","","",""
"deep link android ios","USD","50","∞","∞","Low","0","","","","","","","","","","","","","","","","","","",""
"deep link android medium","USD","50","0%","-100%","Unknown","","","","","","","","","","","","","","","","","","","",""
"deep link automation","USD","50","0%","0%","Low","0","","","","","","","","","","","","","","","","","","",""
"deep link checker","USD","500","900%","0%","Low","1","","","","","","","","","","","","","","","","","","",""
"deep link converter","USD","50","0%","0%","Low","7","","","","","","","","","","","","","","","","","","",""
"deep link creator","USD","500","0%","0%","Low","26","1.13","4.98","","","","","","","","","","","","","","","","",""
"deep link destination facebook","USD","50","0%","-100%","Unknown","","","","","","","","","","","","","","","","","","","",""
"deep link example android","USD","50","0%","0%","Low","0","","","","","","","","","","","","","","","","","","",""
"deep link example ios","USD","50","0%","0%","Low","0","","","","","","","","","","","","","","","","","","",""
"deep link facebook ads","USD","50","0%","0%","Low","29","","","","","","","","","","","","","","","","","","",""
"deep link facebook app","USD","50","0%","0%","Low","3","","","","","","","","","","","","","","","","","","",""
"deep link facebook page","USD","50","-100%","-100%","Unknown","","","","","","","","","","","","","","","","","","","",""
"deep link for facebook","USD","500","0%","0%","Low","6","2.40","8.50","","","","","","","","","","","","","","","","",""
"deep link generator","USD","5000","0%","0%","Low","21","0.86","4.24","","","","","","","","","","","","","","","","",""
"deep link generator for instagram","USD","50","0%","0%","Low","13","","","","","","","","","","","","","","","","","","",""
"deep link generator for youtube","USD","50","0%","-90%","Low","11","0.77","2.31","","","","","","","","","","","","","","","","",""
"deep link generator free","USD","500","0%","0%","Low","16","0.78","3.48","","","","","","","","","","","","","","","","",""
"deep link generator online","USD","50","∞","0%","Low","29","","","","","","","","","","","","","","","","","","",""
"deep link generator online free","USD","50","∞","0%","Low","7","","","","","","","","","","","","","","","","","","",""
"deep link google maps","USD","50","0%","0%","Low","0","","","","","","","","","","","","","","","","","","",""
"deep link into ios app","USD","50","-100%","-100%","Unknown","","","","","","","","","","","","","","","","","","","",""
"deep link ios and android","USD","50","0%","0%","Low","2","","","","","","","","","","","","","","","","","","",""
"deep link ios android","USD","50","0%","0%","Low","0","","","","","","","","","","","","","","","","","","",""
"deep link ios app","USD","50","0%","-90%","Low","6","0.75","2.42","","","","","","","","","","","","","","","","",""
"deep link ios example","USD","50","0%","0%","Low","2","","","","","","","","","","","","","","","","","","",""
"deep link maker","USD","50","0%","0%","Low","15","0.65","3.60","","","","","","","","","","","","","","","","",""
"deep link not opening app android","USD","50","0%","0%","Low","0","","","","","","","","","","","","","","","","","","",""
"deep link not opening app ios","USD","50","0%","0%","Low","0","","","","","","","","","","","","","","","","","","",""
"deep link open app android","USD","50","0%","-100%","Unknown","","","","","","","","","","","","","","","","","","","",""
"deep link qr code","USD","50","0%","0%","Low","32","0.60","3.03","","","","","","","","","","","","","","","","",""
"deep link qr code generator","USD","50","0%","0%","Medium","37","0.12","1.80","","","","","","","","","","","","","","","","",""
"deep link shortener","USD","50","0%","0%","Low","0","","","","","","","","","","","","","","","","","","",""
"deep link telegram","USD","50","0%","-90%","Low","2","","","","","","","","","","","","","","","","","","",""
"deep link telegram bot","USD","50","0%","0%","Low","1","","","","","","","","","","","","","","","","","","",""
"deep link to facebook app","USD","50","0%","0%","Low","3","","","","","","","","","","","","","","","","","","",""
"deep link to facebook page","USD","50","-100%","-100%","Unknown","","","","","","","","","","","","","","","","","","","",""
"deep link to ios app","USD","50","0%","0%","Low","0","","","","","","","","","","","","","","","","","","",""
"deep link to website facebook","USD","50","0%","-100%","Unknown","","","","","","","","","","","","","","","","","","","",""
"deep link to website facebook ads","USD","50","0%","0%","Unknown","","","","","","","","","","","","","","","","","","","",""
"deep link to website facebook catalog","USD","50","0%","-100%","Unknown","","","","","","","","","","","","","","","","","","","",""
"deep link tool","USD","50","0%","0%","Low","26","2.91","71.88","","","","","","","","","","","","","","","","",""
"deep link url android","USD","50","0%","0%","Low","0","","","","","","","","","","","","","","","","","","",""
"deep link url generator","USD","50","0%","0%","Low","32","0.62","1.91","","","","","","","","","","","","","","","","",""
"deep link vs app link android","USD","50","-100%","-100%","Unknown","","","","","","","","","","","","","","","","","","","",""
"deep link vs regular link","USD","","--","--","Unknown","","","","","","","","","","","","","","","","","","","",""
"deep link vs universal link","USD","500","0%","0%","Low","1","","","","","","","","","","","","","","","","","","",""
"deep link vs universal link ios","USD","50","0%","0%","Low","1","","","","","","","","","","","","","","","","","","",""
"deep link webview android","USD","50","-100%","-100%","Unknown","","","","","","","","","","","","","","","","","","","",""
"deep link what is","USD","50","0%","0%","Low","1","","","","","","","","","","","","","","","","","","",""
"deep linking android 12","USD","50","0%","0%","Unknown","","","","","","","","","","","","","","","","","","","",""
"deep linking branch io","USD","50","0%","0%","Low","25","","","","","","","","","","","","","","","","","","",""
"deep linking for mobile marketing","USD","","--","--","Unknown","","","","","","","","","","","","","","","","","","","",""
"deep linking in ios swift 5","USD","50","-100%","-100%","Unknown","","","","","","","","","","","","","","","","","","","",""
"deep linking in mobile app","USD","50","0%","0%","Low","4","","","","","","","","","","","","","","","","","","",""
"deep linking on android","USD","5000","0%","0%","Low","2","0.85","3.82","","","","","","","","","","","","","","","","",""
"deep linking on ios","USD","50","0%","0%","Low","11","","","","","","","","","","","","","","","","","","",""
"deep linking react native","USD","5000","0%","-90%","Low","2","1.69","3.93","","","","","","","","","","","","","","","","",""
"deep linking to your mobile app from your website","USD","50","∞","∞","Low","0","","","","","","","","","","","","","","","","","","",""
"deep linking tutorial","USD","50","0%","0%","Low","6","","","","","","","","","","","","","","","","","","",""
"deeplink android 12","USD","50","0%","0%","Low","0","","","","","","","","","","","","","","","","","","",""
"deeplink generator","USD","500","0%","0%","Low","16","0.64","2.94","","","","","","","","","","","","","","","","",""
"deeplink generator free","USD","50","0%","0%","Low","8","0.10","2.08","","","","","","","","","","","","","","","","",""
"deeplink not supported android","USD","0","0%","0%","Unknown","","","","","","","","","","","","","","","","","","","",""
"deeplink outsystems","USD","50","0%","0%","Low","0","","","","","","","","","","","","","","","","","","",""
"deeplink url generator","USD","","--","--","Unknown","","","","","","","","","","","","","","","","","","","",""
"deeplinking android","USD","5000","0%","0%","Low","2","0.85","3.82","","","","","","","","","","","","","","","","",""
"deeplinking in ios","USD","50","0%","-100%","Unknown","","","","","","","","","","","","","","","","","","","",""
"deeplinks in android","USD","5000","0%","0%","Low","2","0.85","3.82","","","","","","","","","","","","","","","","",""
"deeplinks ios","USD","50","0%","0%","Low","5","","","","","","","","","","","","","","","","","","",""
"deferred deep link android","USD","500","0%","-90%","Low","5","","","","","","","","","","","","","","","","","","",""
"deferred deep link facebook","USD","50","0%","0%","Low","5","","","","","","","","","","","","","","","","","","",""
"deferred deep link firebase","USD","50","0%","0%","Low","6","","","","","","","","","","","","","","","","","","",""
"deferred deep linking","USD","5000","0%","0%","Low","10","1.70","8.30","","","","","","","","","","","","","","","","",""
"deferred deep linking android example","USD","50","0%","0%","Low","4","","","","","","","","","","","","","","","","","","",""
"deferred deep linking appsflyer","USD","50","0%","0%","Low","17","6.75","40.88","","","","","","","","","","","","","","","","",""
"deferred deep linking branch","USD","50","0%","0%","Low","22","1.75","10.00","","","","","","","","","","","","","","","","",""
"deferred deep linking ios","USD","500","0%","0%","Low","9","1.34","4.11","","","","","","","","","","","","","","","","",""
"deferred deep linking ios 14","USD","50","0%","-100%","Unknown","","","","","","","","","","","","","","","","","","","",""
"deferred deep linking react native","USD","50","0%","0%","Low","4","","","","","","","","","","","","","","","","","","",""
"deferred deeplink","USD","5000","0%","0%","Low","10","1.70","8.30","","","","","","","","","","","","","","","","",""
"deferred deeplinking","USD","5000","0%","0%","Low","10","1.70","8.30","","","","","","","","","","","","","","","","",""
"deferred deeplinks","USD","50","0%","0%","Low","11","","","","","","","","","","","","","","","","","","",""
"dynamic links vs universal links","USD","50","-100%","-100%","Unknown","","","","","","","","","","","","","","","","","","","",""
"facebook ads deep link to website","USD","0","0%","0%","Unknown","","","","","","","","","","","","","","","","","","","",""
"facebook app deep link","USD","50","0%","0%","Low","0","","","","","","","","","","","","","","","","","","",""
"facebook deep link","USD","500","0%","0%","Low","6","2.40","8.50","","","","","","","","","","","","","","","","",""
"facebook deep link android","USD","50","0%","0%","Low","3","","","","","","","","","","","","","","","","","","",""
"facebook deep link example","USD","50","0%","0%","Low","10","","","","","","","","","","","","","","","","","","",""
"facebook deep link generator","USD","50","0%","0%","Medium","36","","","","","","","","","","","","","","","","","","",""
"facebook deep link ios","USD","50","0%","0%","Low","0","","","","","","","","","","","","","","","","","","",""
"facebook deep link test","USD","50","0%","0%","Low","12","","","","","","","","","","","","","","","","","","",""
"facebook deep link to website","USD","50","-100%","0%","Unknown","","","","","","","","","","","","","","","","","","","",""
"facebook deep link url","USD","50","∞","∞","Low","0","","","","","","","","","","","","","","","","","","",""
"facebook deeplinks","USD","50","-100%","-100%","Unknown","","","","","","","","","","","","","","","","","","","",""
"facebook messenger deep link","USD","50","0%","0%","Low","4","","","","","","","","","","","","","","","","","","",""
"facebook page deep link","USD","50","0%","0%","Low","5","","","","","","","","","","","","","","","","","","",""
"fb deep link","USD","500","0%","0%","Low","6","2.40","8.50","","","","","","","","","","","","","","","","",""
"firebase deep linking android example","USD","50","0%","0%","Unknown","","","","","","","","","","","","","","","","","","","",""
"firebase deferred deep link","USD","50","0%","0%","Low","7","","","","","","","","","","","","","","","","","","",""
"firebase dynamic links alternative","USD","500","0%","-90%","Medium","38","2.45","256.68","","","","","","","","","","","","","","","","",""
"flutter universal links ios","USD","50","0%","0%","Low","2","","","","","","","","","","","","","","","","","","",""
"free deep link generator","USD","500","900%","0%","Low","22","0.87","3.67","","","","","","","","","","","","","","","","",""
"free deep link qr code generator","USD","50","0%","0%","High","79","1.15","2.62","","","","","","","","","","","","","","","","",""
"free deeplink generator","USD","50","0%","0%","Low","18","0.98","3.73","","","","","","","","","","","","","","","","",""
"generac generator mobile app","USD","50","0%","0%","Low","0","","","","","","","","","","","","","","","","","","",""
"generac mobile link app","USD","5000","0%","900%","Low","2","1.40","6.03","","","","","","","","","","","","","","","","",""
"generac mobile link setup app","USD","50","0%","0%","Low","0","","","","","","","","","","","","","","","","","","",""
"generac monitoring app","USD","50","0%","0%","Low","0","","","","","","","","","","","","","","","","","","",""
"generac wifi app","USD","50","0%","0%","Low","1","","","","","","","","","","","","","","","","","","",""
"generate deep link","USD","50","0%","0%","Low","19","1.03","3.80","","","","","","","","","","","","","","","","",""
"generate deep link android","USD","50","-100%","-100%","Unknown","","","","","","","","","","","","","","","","","","","",""
"get deep link android","USD","50","0%","0%","Unknown","","","","","","","","","","","","","","","","","","","",""
"gmail deep link android","USD","50","0%","0%","Unknown","","","","","","","","","","","","","","","","","","","",""
"google maps deep link","USD","50","0%","0%","Low","0","","","","","","","","","","","","","","","","","","",""
"google play app link generator","USD","50","0%","0%","Low","10","","","","","","","","","","","","","","","","","","",""
"google play download link generator","USD","50","-100%","-100%","Unknown","","","","","","","","","","","","","","","","","","","",""
"google play link generator","USD","50","0%","0%","Low","0","","","","","","","","","","","","","","","","","","",""
"google play store app link generator","USD","50","0%","0%","Low","10","","","","","","","","","","","","","","","","","","",""
"google play store download link generator","USD","50","-100%","-100%","Unknown","","","","","","","","","","","","","","","","","","","",""
"google play store link generator","USD","50","0%","0%","Low","0","","","","","","","","","","","","","","","","","","",""
"how do i get an app to open url","USD","50","0%","-100%","Unknown","","","","","","","","","","","","","","","","","","","",""
"how open url in android","USD","50","0%","0%","Low","0","","","","","","","","","","","","","","","","","","",""
"how to create a deep link to an app","USD","50","0%","0%","Low","21","","","","","","","","","","","","","","","","","","",""
"how to create a link that opens an app","USD","50","0%","0%","Low","19","","","","","","","","","","","","","","","","","","",""
"how to create a link to open an app","USD","50","0%","0%","Low","0","","","","","","","","","","","","","","","","","","",""
"how to create deep link for android app","USD","50","0%","0%","Low","14","","","","","","","","","","","","","","","","","","",""
"how to create deep link for ios app","USD","50","0%","0%","Low","0","","","","","","","","","","","","","","","","","","",""
"how to create deep link url","USD","50","-100%","-100%","Unknown","","","","","","","","","","","","","","","","","","","",""
"how to create deep link url for android app","USD","50","0%","0%","Low","18","","","","","","","","","","","","","","","","","","",""
"how to create deep links","USD","500","0%","0%","Low","21","0.97","6.18","","","","","","","","","","","","","","","","",""
"how to generate deep link","USD","50","0%","0%","Low","0","","","","","","","","","","","","","","","","","","",""
"how to get amazon link to open in app","USD","50","0%","0%","Low","0","","","","","","","","","","","","","","","","","","",""
"how to get amazon links to open in app android","USD","50","∞","0%","Low","0","","","","","","","","","","","","","","","","","","",""
"how to get amazon links to open in app iphone","USD","50","0%","0%","Low","1","","","","","","","","","","","","","","","","","","",""
"how to get links to open in app","USD","50","0%","0%","Low","0","","","","","","","","","","","","","","","","","","",""
"how to make a deep link","USD","50","0%","0%","Low","18","1.50","3.73","","","","","","","","","","","","","","","","",""
"how to make a link open an app","USD","50","0%","0%","Low","4","","","","","","","","","","","","","","","","","","",""
"how to make a link open an app android","USD","50","0%","0%","Low","4","","","","","","","","","","","","","","","","","","",""
"how to make a link open in app","USD","50","0%","0%","Low","0","","","","","","","","","","","","","","","","","","",""
"how to make a link to open an app","USD","50","0%","0%","Low","0","","","","","","","","","","","","","","","","","","",""
"how to make amazon link open in app","USD","50","0%","0%","Low","5","","","","","","","","","","","","","","","","","","",""
"how to make amazon links open in the app","USD","50","-100%","-100%","Unknown","","","","","","","","","","","","","","","","","","","",""
"how to make deep link","USD","50","0%","0%","Low","14","0.65","3.18","","","","","","","","","","","","","","","","",""
"how to make facebook links open in app","USD","50","0%","0%","Low","0","","","","","","","","","","","","","","","","","","",""
"how to make facebook page link open in app","USD","50","-100%","-100%","Unknown","","","","","","","","","","","","","","","","","","","",""
"how to make instagram links open in app","USD","50","0%","0%","Low","0","","","","","","","","","","","","","","","","","","",""
"how to make link open app","USD","50","0%","0%","Low","3","","","","","","","","","","","","","","","","","","",""
"how to make link open in app","USD","50","0%","0%","Low","1","","","","","","","","","","","","","","","","","","",""
"how to make links open in youtube app","USD","50","0%","0%","Low","0","","","","","","","","","","","","","","","","","","",""
"how to make youtube link open in app","USD","500","0%","-90%","Low","0","","","","","","","","","","","","","","","","","","",""
"how to open a facebook link in app","USD","50","0%","0%","Low","0","","","","","","","","","","","","","","","","","","",""
"how to open a link in an app","USD","50","0%","0%","Low","0","","","","","","","","","","","","","","","","","","",""
"how to open a youtube link in app","USD","50","0%","0%","Low","0","","","","","","","","","","","","","","","","","","",""
"how to open amazon link in amazon app","USD","50","0%","0%","Low","0","","","","","","","","","","","","","","","","","","",""
"how to open amazon link in app","USD","500","0%","-90%","Low","0","","","","","","","","","","","","","","","","","","",""
"how to open amazon links in app","USD","50","0%","0%","Low","0","","","","","","","","","","","","","","","","","","",""
"how to open amazon links in app iphone","USD","50","0%","0%","Low","0","","","","","","","","","","","","","","","","","","",""
"how to open an amazon link in the app","USD","50","0%","0%","Low","0","","","","","","","","","","","","","","","","","","",""
"how to open an app with a link","USD","50","0%","0%","Low","0","","","","","","","","","","","","","","","","","","",""
"how to open android app from browser link","USD","50","-100%","-100%","Unknown","","","","","","","","","","","","","","","","","","","",""
"how to open app from link","USD","50","0%","0%","Low","0","","","","","","","","","","","","","","","","","","",""
"how to open app from link in android","USD","50","0%","0%","Low","0","","","","","","","","","","","","","","","","","","",""
"how to open app from url android","USD","50","0%","0%","Low","0","","","","","","","","","","","","","","","","","","",""
"how to open app link","USD","50","0%","0%","Low","0","","","","","","","","","","","","","","","","","","",""
"how to open chegg link in app","USD","50","0%","-100%","Unknown","","","","","","","","","","","","","","","","","","","",""
"how to open deep link in android","USD","50","0%","0%","Low","0","","","","","","","","","","","","","","","","","","",""
"how to open facebook app from link","USD","50","0%","0%","Low","0","","","","","","","","","","","","","","","","","","",""
"how to open facebook link in app","USD","50","0%","0%","Low","0","","","","","","","","","","","","","","","","","","",""
"how to open facebook link in app instead of browser","USD","50","0%","0%","Low","0","","","","","","","","","","","","","","","","","","",""
"how to open facebook link in facebook app","USD","50","0%","0%","Low","0","","","","","","","","","","","","","","","","","","",""
"how to open facebook link in whatsapp","USD","50","0%","0%","Low","0","","","","","","","","","","","","","","","","","","",""
"how to open facebook page link in facebook app","USD","0","0%","-100%","Unknown","","","","","","","","","","","","","","","","","","","",""
"how to open google family link app","USD","50","0%","0%","Low","0","","","","","","","","","","","","","","","","","","",""
"how to open google map link in app","USD","50","0%","0%","Low","0","","","","","","","","","","","","","","","","","","",""
"how to open instagram links in youtube app","USD","50","0%","0%","Low","0","","","","","","","","","","","","","","","","","","",""
"how to open link in amazon app","USD","50","0%","0%","Low","0","","","","","","","","","","","","","","","","","","",""
"how to open link in app android","USD","50","0%","0%","Low","0","","","","","","","","","","","","","","","","","","",""
"how to open link in app instead of browser android","USD","50","0%","0%","Low","0","","","","","","","","","","","","","","","","","","",""
"how to open link in browser instead of app","USD","50","0%","0%","Low","0","","","","","","","","","","","","","","","","","","",""
"how to open link in facebook app instead of browser","USD","50","0%","0%","Low","0","","","","","","","","","","","","","","","","","","",""
"how to open link in mobile","USD","500","0%","0%","Low","9","0.14","2.40","","","","","","","","","","","","","","","","",""
"how to open link in play store","USD","50","0%","0%","Low","0","","","","","","","","","","","","","","","","","","",""
"how to open link in youtube app","USD","500","0%","0%","Low","0","","","","","","","","","","","","","","","","","","",""
"how to open link with app android","USD","50","0%","0%","Low","0","","","","","","","","","","","","","","","","","","",""
"how to open links in google app","USD","50","0%","0%","Low","0","","","","","","","","","","","","","","","","","","",""
"how to open url in android","USD","50","0%","0%","Low","5","","","","","","","","","","","","","","","","","","",""
"how to open url in android application","USD","50","∞","0%","Low","0","","","","","","","","","","","","","","","","","","",""
"how to open url in app android","USD","50","-100%","-100%","Unknown","","","","","","","","","","","","","","","","","","","",""
"how to open url in browser in android","USD","50","0%","0%","Unknown","","","","","","","","","","","","","","","","","","","",""
"how to open whatsapp link in chrome","USD","50","0%","0%","Low","0","","","","","","","","","","","","","","","","","","",""
"how to open youtube link in app","USD","500","0%","0%","Low","0","","","","","","","","","","","","","","","","","","",""
"how to open youtube link in whatsapp","USD","50","0%","0%","Low","0","","","","","","","","","","","","","","","","","","",""
"how to open youtube link in youtube app","USD","50","0%","0%","Low","0","","","","","","","","","","","","","","","","","","",""
"instagram deep link generator","USD","","--","--","Unknown","","","","","","","","","","","","","","","","","","","",""
"ios app store deep link","USD","50","0%","0%","Low","3","","","","","","","","","","","","","","","","","","",""
"ios deep link app not installed","USD","50","∞","0%","Low","0","","","","","","","","","","","","","","","","","","",""
"ios deep link not opening app","USD","50","0%","0%","Low","0","","","","","","","","","","","","","","","","","","",""
"ios deep link open app","USD","50","-100%","-100%","Unknown","","","","","","","","","","","","","","","","","","","",""
"ios deep link to app store","USD","50","0%","0%","Low","0","","","","","","","","","","","","","","","","","","",""
"ios deep link vs universal link","USD","50","0%","0%","Low","0","","","","","","","","","","","","","","","","","","",""
"ios deep linking","USD","5000","-90%","-90%","Low","2","0.89","2.94","","","","","","","","","","","","","","","","",""
"ios deeplinking","USD","50","0%","0%","Low","4","","","","","","","","","","","","","","","","","","",""
"ios deferred deep linking","USD","500","0%","-90%","Low","3","","","","","","","","","","","","","","","","","","",""
"ios open deeplink","USD","50","0%","0%","Low","0","","","","","","","","","","","","","","","","","","",""
"ios test universal links simulator","USD","50","0%","0%","Low","6","","","","","","","","","","","","","","","","","","",""
"ios universal links guide","USD","","--","--","Unknown","","","","","","","","","","","","","","","","","","","",""
"ios universal links vs deep links","USD","50","0%","0%","Low","4","","","","","","","","","","","","","","","","","","",""
"ios webview deeplink","USD","50","0%","0%","Low","0","","","","","","","","","","","","","","","","","","",""
"iphone deep link","USD","50","0%","0%","Low","2","","","","","","","","","","","","","","","","","","",""
"joturl deep link","USD","50","0%","0%","Low","6","","","","","","","","","","","","","","","","","","",""
"kochava deep linking","USD","50","0%","0%","Low","9","","","","","","","","","","","","","","","","","","",""
"kochava deferred deep linking","USD","50","0%","0%","Low","10","","","","","","","","","","","","","","","","","","",""
"link generator play store","USD","50","0%","-100%","Unknown","","","","","","","","","","","","","","","","","","","",""
"link to windows qr code","USD","500","0%","0%","Low","1","","","","","","","","","","","","","","","","","","",""
"logo maker app link","USD","50","-100%","-100%","Unknown","","","","","","","","","","","","","","","","","","","",""
"mobile app deep linking","USD","5000","0%","-90%","Low","12","1.53","7.17","","","","","","","","","","","","","","","","",""
"mobile app deep linking example","USD","50","0%","0%","Low","0","","","","","","","","","","","","","","","","","","",""
"mobile deep","USD","500","0%","900%","Low","1","","","","","","","","","","","","","","","","","","",""
"mobile deep link","USD","500","0%","0%","Low","12","1.91","13.73","","","","","","","","","","","","","","","","",""
"mobile deep linking android","USD","50","0%","0%","Unknown","","","","","","","","","","","","","","","","","","","",""
"mobile deep linking example","USD","50","-100%","0%","Unknown","","","","","","","","","","","","","","","","","","","",""
"mobile deep linking ios","USD","50","-100%","-100%","Unknown","","","","","","","","","","","","","","","","","","","",""
"mobile link app for generac","USD","50","0%","0%","Low","0","","","","","","","","","","","","","","","","","","",""
"mobile link app generac","USD","50","0%","0%","Low","6","","","","","","","","","","","","","","","","","","",""
"mobile link for generac generator","USD","50","0%","0%","Low","16","","","","","","","","","","","","","","","","","","",""
"mobile link for generators","USD","500","0%","0%","Low","12","0.58","4.33","","","","","","","","","","","","","","","","",""
"mobile link for generators app","USD","50","0%","0%","Low","1","","","","","","","","","","","","","","","","","","",""
"mobile link gen","USD","50","0%","0%","Low","1","","","","","","","","","","","","","","","","","","",""
"mobile link generac app","USD","5000","0%","900%","Low","2","1.40","6.03","","","","","","","","","","","","","","","","",""
"mobile link generator app","USD","50","0%","0%","Low","0","","","","","","","","","","","","","","","","","","",""
"onelink vs deeplink","USD","50","0%","0%","Low","14","","","","","","","","","","","","","","","","","","",""
"open deep link android","USD","50","0%","0%","Low","1","","","","","","","","","","","","","","","","","","",""
"open deep link in android","USD","50","0%","0%","Low","0","","","","","","","","","","","","","","","","","","",""
"open deep link ios","USD","50","0%","0%","Low","0","","","","","","","","","","","","","","","","","","",""
"outsystems deeplink","USD","50","0%","0%","Low","0","","","","","","","","","","","","","","","","","","",""
"play store app download link generator","USD","50","0%","-100%","Unknown","","","","","","","","","","","","","","","","","","","",""
"play store app link generator","USD","50","0%","0%","Low","0","","","","","","","","","","","","","","","","","","",""
"play store download link generator","USD","50","-100%","-100%","Unknown","","","","","","","","","","","","","","","","","","","",""
"play store link generator","USD","50","0%","0%","Low","0","","","","","","","","","","","","","","","","","","",""
"power apps deep linking","USD","50","0%","-90%","Low","1","","","","","","","","","","","","","","","","","","",""
"qr code deep link","USD","50","0%","0%","Low","28","0.22","1.96","","","","","","","","","","","","","","","","",""
"qr code deep link generator","USD","50","-100%","-100%","Unknown","","","","","","","","","","","","","","","","","","","",""
"qr code link to windows","USD","50","0%","0%","Low","2","","","","","","","","","","","","","","","","","","",""
"react native deferred deep linking","USD","50","0%","0%","Low","1","","","","","","","","","","","","","","","","","","",""
"salesforce deeplink","USD","50","0%","0%","Low","5","","","","","","","","","","","","","","","","","","",""
"servicenow mobile deep link generator","USD","50","0%","∞","Low","0","","","","","","","","","","","","","","","","","","",""
"smart link creator","USD","50","0%","0%","Low","33","0.18","1.70","","","","","","","","","","","","","","","","",""
"smart link generator","USD","500","0%","0%","Low","11","0.02","0.45","","","","","","","","","","","","","","","","",""
"smart url generator","USD","50","0%","0%","Low","19","0.13","0.63","","","","","","","","","","","","","","","","",""
"smartlink generator","USD","50","900%","900%","Low","6","0.09","1.03","","","","","","","","","","","","","","","","",""
"telegram bot api deep linking","USD","50","0%","0%","Low","0","","","","","","","","","","","","","","","","","","",""
"telegram bot deep link","USD","50","0%","-90%","Low","1","","","","","","","","","","","","","","","","","","",""
"telegram bot deep linking example","USD","50","-100%","-100%","Unknown","","","","","","","","","","","","","","","","","","","",""
"telegram deep link","USD","500","0%","-90%","Low","2","0.28","2.29","","","","","","","","","","","","","","","","",""
"telegram deep linking example","USD","50","-100%","-100%","Unknown","","","","","","","","","","","","","","","","","","","",""
"telegram deeplinks","USD","50","0%","0%","Low","2","","","","","","","","","","","","","","","","","","",""
"testing deep links android","USD","500","0%","0%","Low","3","1.45","5.40","","","","","","","","","","","","","","","","",""
"testing universal links ios","USD","50","0%","0%","Low","1","","","","","","","","","","","","","","","","","","",""
"twitter deep link","USD","50","0%","0%","Low","3","","","","","","","","","","","","","","","","","","",""
"twitter deep link ios","USD","50","0%","-100%","Unknown","","","","","","","","","","","","","","","","","","","",""
"unity deep link android","USD","50","0%","0%","Low","5","","","","","","","","","","","","","","","","","","",""
"universal deep linking android","USD","50","0%","0%","Low","0","","","","","","","","","","","","","","","","","","",""
"universal link ios android","USD","50","0%","0%","Low","4","","","","","","","","","","","","","","","","","","",""
"universal link vs custom url scheme","USD","50","0%","0%","Low","1","","","","","","","","","","","","","","","","","","",""
"universal link vs url scheme","USD","50","0%","0%","Low","0","","","","","","","","","","","","","","","","","","",""
"universal links in android","USD","50","0%","0%","Low","0","","","","","","","","","","","","","","","","","","",""
"universal links ios example","USD","50","0%","0%","Low","0","","","","","","","","","","","","","","","","","","",""
"universal links test","USD","50","0%","0%","Low","4","","","","","","","","","","","","","","","","","","",""
"universal links vs deep link","USD","50","0%","0%","Low","3","","","","","","","","","","","","","","","","","","",""
"universal links vs deep link ios","USD","50","0%","0%","Low","4","","","","","","","","","","","","","","","","","","",""
"universal links vs deep links","USD","500","0%","0%","Low","1","","","","","","","","","","","","","","","","","","",""
"universal links vs deep links ios","USD","50","0%","∞","Low","0","","","","","","","","","","","","","","","","","","",""
"universal vs deep link","USD","50","0%","0%","Low","0","","","","","","","","","","","","","","","","","","",""
"url scheme vs universal links","USD","50","0%","0%","Low","0","","","","","","","","","","","","","","","","","","",""
"walletconnect deeplink","USD","50","0%","0%","Low","0","","","","","","","","","","","","","","","","","","",""
"what are deeplinks","USD","500","900%","0%","Low","6","0.72","4.00","","","","","","","","","","","","","","","","",""
"what does a deep link look like","USD","50","0%","0%","Low","10","","","","","","","","","","","","","","","","","","",""
"what does added by deep link mean","USD","50","0%","0%","Low","0","","","","","","","","","","","","","","","","","","",""
"what does added by deep link mean on snapchat","USD","50","0%","0%","Low","0","","","","","","","","","","","","","","","","","","",""
"what does deep link mean","USD","500","0%","0%","Low","5","0.09","3.55","","","","","","","","","","","","","","","","",""
"what is a deep link","USD","5000","0%","0%","Low","4","0.48","3.85","","","","","","","","","","","","","","","","",""
"what is a deep link example","USD","50","0%","0%","Low","0","","","","","","","","","","","","","","","","","","",""
"what is a deep link in web","USD","50","-100%","-100%","Unknown","","","","","","","","","","","","","","","","","","","",""
"what is a deep link on a website","USD","50","0%","0%","Low","4","","","","","","","","","","","","","","","","","","",""
"what is a deep link to an app","USD","50","0%","0%","Low","13","","","","","","","","","","","","","","","","","","",""
"what is a deep link url","USD","50","0%","900%","Low","3","","","","","","","","","","","","","","","","","","",""
"what is a deep url","USD","5000","0%","0%","Low","4","0.48","3.85","","","","","","","","","","","","","","","","",""
"what is a deeplink","USD","500","0%","0%","Low","3","0.80","5.37","","","","","","","","","","","","","","","","",""
"what is deep link in ios","USD","50","0%","0%","Low","0","","","","","","","","","","","","","","","","","","",""
"what is deep linking in android","USD","500","0%","-90%","Low","1","","","","","","","","","","","","","","","","","","",""
"what is deep linking in apps","USD","50","0%","0%","Low","13","","","","","","","","","","","","","","","","","","",""
"what is deep linking in mobile app","USD","50","0%","0%","Low","6","","","","","","","","","","","","","","","","","","",""
"what is deep linking in react native","USD","50","0%","0%","Low","0","","","","","","","","","","","","","","","","","","",""
"what is deep linking ios","USD","50","0%","0%","Low","0","","","","","","","","","","","","","","","","","","",""
"what is deep linking react native","USD","50","∞","0%","Low","0","","","","","","","","","","","","","","","","","","",""
"what is deeplink com","USD","50","0%","0%","Low","12","","","","","","","","","","","","","","","","","","",""
"what is deeplink in ios","USD","50","0%","0%","Low","0","","","","","","","","","","","","","","","","","","",""
"what is deeplinks","USD","50","0%","0%","Low","1","","","","","","","","","","","","","","","","","","",""
"what is deferred deep linking","USD","500","900%","900%","Low","2","","","","","","","","","","","","","","","","","","",""
"what is mobile deep linking","USD","50","0%","0%","Low","8","","","","","","","","","","","","","","","","","","",""
"whatsapp deep link generator","USD","50","0%","0%","Low","0","","","","","","","","","","","","","","","","","","",""
"whatsapp deeplink generator","USD","50","0%","0%","Low","0","","","","","","","","","","","","","","","","","","",""
"xamarin android deep linking","USD","50","0%","-100%","Unknown","","","","","","","","","","","","","","","","","","","",""
"xamarin ios deep linking","USD","50","-100%","0%","Unknown","","","","","","","","","","","","","","","","","","","",""
"youtube deep link generator","USD","50","0%","0%","Low","19","0.44","2.42","","","","","","","","","","","","","","","","",""
"youtube deeplink generator","USD","50","0%","0%","Low","8","","","","","","","","","","","","","","","","","","",""
